Workbook

Sheet Summary
A1: Circling candidates from the rule-based detector (v2)
A2: All numbers are formulas over the Candidates and Labeled events sheets; the review rows update as the yellow columns are filled in.
A4: Metric | B4: 0031 | C4: 0028 | D4: Both videos
A5: Candidate episodes | B5: =COUNTIF(Candidates!$A:$A,B$4) -> 62 | C5: =COUNTIF(Candidates!$A:$A,C$4) -> 84 | D5: =B5+C5 -> 146
A6: Total circling time (min) | B6: =SUMIFS(Candidates!$G:$G,Candidates!$A:$A,B$4)/60 -> 19.061111 | C6: =SUMIFS(Candidates!$G:$G,Candidates!$A:$A,C$4)/60 -> 14.825556 | D6: =B6+C6 -> 33.886667
A7: Median episode duration (s) | B7: {=MEDIAN(IF(Candidates!$A$2:$A$147=B$4,Candidates!$G$2:$G$147))} -> 12.6 | C7: {=MEDIAN(IF(Candidates!$A$2:$A$147=C$4,Candidates!$G$2:$G$147))} -> 9.0833333 | D7: =MEDIAN(Candidates!$G$2:$G$147) -> 9.6166667
A8: Episodes overlapping a human label | B8: =COUNTIFS(Candidates!$A:$A,B$4,Candidates!$L:$L,"Yes*") -> 8 | C8: =COUNTIFS(Candidates!$A:$A,C$4,Candidates!$L:$L,"Yes*") -> 7 | D8: =B8+C8 -> 15
A9: Human-labeled events | B9: =COUNTIF('Labeled events'!$A:$A,B$4) -> 8 | C9: =COUNTIF('Labeled events'!$A:$A,C$4) -> 7 | D9: =B9+C9 -> 15
A10: Labeled events caught | B10: =COUNTIFS('Labeled events'!$A:$A,B$4,'Labeled events'!$G:$G,"?*") -> 8 | C10: =COUNTIFS('Labeled events'!$A:$A,C$4,'Labeled events'!$G:$G,"?*") -> 7 | D10: =B10+C10 -> 15
A11: High confidence | B11: =COUNTIFS(Candidates!$A:$A,B$4,Candidates!$K:$K,"High") -> 42 | C11: =COUNTIFS(Candidates!$A:$A,C$4,Candidates!$K:$K,"High") -> 63 | D11: =B11+C11 -> 105
A12: Medium confidence | B12: =COUNTIFS(Candidates!$A:$A,B$4,Candidates!$K:$K,"Medium") -> 6 | C12: =COUNTIFS(Candidates!$A:$A,C$4,Candidates!$K:$K,"Medium") -> 15 | D12: =B12+C12 -> 21
A13: Low confidence | B13: =COUNTIFS(Candidates!$A:$A,B$4,Candidates!$K:$K,"Low") -> 14 | C13: =COUNTIFS(Candidates!$A:$A,C$4,Candidates!$K:$K,"Low") -> 6 | D13: =B13+C13 -> 20
A14: Reviewed so far | B14: =COUNTIFS(Candidates!$A:$A,B$4,Candidates!$M:$M,"?*") -> 0 | C14: =COUNTIFS(Candidates!$A:$A,C$4,Candidates!$M:$M,"?*") -> 0 | D14: =B14+C14 -> 0
A15: Confirmed circling (Y) | B15: =COUNTIFS(Candidates!$A:$A,B$4,Candidates!$M:$M,"Y") -> 0 | C15: =COUNTIFS(Candidates!$A:$A,C$4,Candidates!$M:$M,"Y") -> 0 | D15: =B15+C15 -> 0
A16: Not circling (N) | B16: =COUNTIFS(Candidates!$A:$A,B$4,Candidates!$M:$M,"N") -> 0 | C16: =COUNTIFS(Candidates!$A:$A,C$4,Candidates!$M:$M,"N") -> 0 | D16: =B16+C16 -> 0
A17: Precision so far = Y / (Y + N) | B17: =IFERROR(B15/(B15+B16),"no reviews yet") -> no reviews yet | C17: =IFERROR(C15/(C15+C16),"no reviews yet") -> no reviews yet | D17: =IFERROR(D15/(D15+D16),"no reviews yet") -> no reviews yet
A19: Episodes that do not overlap a label are not false alarms by default: the humans labeled only a few short stretches, so most of each 10-hour video is unlabeled. The review columns are how we find out.

Sheet Candidates
A1: Video | B1: Episode ID | C1: Start frame | D1: End frame | E1: Start time (h:mm:ss) | F1: End time (h:mm:ss) | G1: Duration (s) | H1: Net turns | I1: Turns per second | J1: Median distance (px) | K1: Rule confidence | L1: Overlaps human label | M1: Circling? (Y / N / unsure) | N1: Reviewer | O1: Notes
A2: 0031 | B2: 0031-R001 | C2: 98132 | D2: 98362 | E2: =C2/Settings!$B$3/86400 -> 0.037859568 | F2: =D2/Settings!$B$3/86400 -> 0.037948302 | G2: =(D2-C2+1)/Settings!$B$3 -> 7.7 | H2: 1.79 | I2: =H2/G2 -> 0.23246753 | J2: 91.4 | K2: =IF(AND(H2>=Settings!$B$11,G2>=Settings!$B$12),"High",IF(H2>=Settings!$B$13,"Medium","Low")) -> High | L2: No
A3: 0031 | B3: 0031-R002 | C3: 98648 | D3: 98714 | E3: =C3/Settings!$B$3/86400 -> 0.038058642 | F3: =D3/Settings!$B$3/86400 -> 0.038084105 | G3: =(D3-C3+1)/Settings!$B$3 -> 2.2333333 | H3: 0.36 | I3: =H3/G3 -> 0.16119403 | J3: 126.9 | K3: =IF(AND(H3>=Settings!$B$11,G3>=Settings!$B$12),"High",IF(H3>=Settings!$B$13,"Medium","Low")) -> Low | L3: No
A4: 0031 | B4: 0031-R003 | C4: 98918 | D4: 99205 | E4: =C4/Settings!$B$3/86400 -> 0.038162809 | F4: =D4/Settings!$B$3/86400 -> 0.038273534 | G4: =(D4-C4+1)/Settings!$B$3 -> 9.6 | H4: 2.09 | I4: =H4/G4 -> 0.21770833 | J4: 96.5 | K4: =IF(AND(H4>=Settings!$B$11,G4>=Settings!$B$12),"High",IF(H4>=Settings!$B$13,"Medium","Low")) -> High | L4: No
A5: 0031 | B5: 0031-R004 | C5: 104742 | D5: 104804 | E5: =C5/Settings!$B$3/86400 -> 0.040409722 | F5: =D5/Settings!$B$3/86400 -> 0.040433642 | G5: =(D5-C5+1)/Settings!$B$3 -> 2.1 | H5: 0.45 | I5: =H5/G5 -> 0.21428571 | J5: 80.9 | K5: =IF(AND(H5>=Settings!$B$11,G5>=Settings!$B$12),"High",IF(H5>=Settings!$B$13,"Medium","Low")) -> Low | L5: No
A6: 0031 | B6: 0031-R005 | C6: 119879 | D6: 120687 | E6: =C6/Settings!$B$3/86400 -> 0.046249614 | F6: =D6/Settings!$B$3/86400 -> 0.046561343 | G6: =(D6-C6+1)/Settings!$B$3 -> 26.966667 | H6: 5.65 | I6: =H6/G6 -> 0.20951792 | J6: 92.7 | K6: =IF(AND(H6>=Settings!$B$11,G6>=Settings!$B$12),"High",IF(H6>=Settings!$B$13,"Medium","Low")) -> High | L6: No
A7: 0031 | B7: 0031-R006 | C7: 121451 | D7: 121749 | E7: =C7/Settings!$B$3/86400 -> 0.046856096 | F7: =D7/Settings!$B$3/86400 -> 0.046971065 | G7: =(D7-C7+1)/Settings!$B$3 -> 9.9666667 | H7: 1.74 | I7: =H7/G7 -> 0.17458194 | J7: 104.5 | K7: =IF(AND(H7>=Settings!$B$11,G7>=Settings!$B$12),"High",IF(H7>=Settings!$B$13,"Medium","Low")) -> High | L7: No
A8: 0031 | B8: 0031-R007 | C8: 122835 | D8: 125260 | E8: =C8/Settings!$B$3/86400 -> 0.047390046 | F8: =D8/Settings!$B$3/86400 -> 0.048325617 | G8: =(D8-C8+1)/Settings!$B$3 -> 80.866667 | H8: 14.51 | I8: =H8/G8 -> 0.17943116 | J8: 90.1 | K8: =IF(AND(H8>=Settings!$B$11,G8>=Settings!$B$12),"High",IF(H8>=Settings!$B$13,"Medium","Low")) -> High | L8: No
A9: 0031 | B9: 0031-R008 | C9: 130018 | D9: 130295 | E9: =C9/Settings!$B$3/86400 -> 0.050161265 | F9: =D9/Settings!$B$3/86400 -> 0.050268133 | G9: =(D9-C9+1)/Settings!$B$3 -> 9.2666667 | H9: 1.73 | I9: =H9/G9 -> 0.18669065 | J9: 101.1 | K9: =IF(AND(H9>=Settings!$B$11,G9>=Settings!$B$12),"High",IF(H9>=Settings!$B$13,"Medium","Low")) -> High | L9: No
A10: 0031 | B10: 0031-R009 | C10: 138159 | D10: 138688 | E10: =C10/Settings!$B$3/86400 -> 0.053302083 | F10: =D10/Settings!$B$3/86400 -> 0.053506173 | G10: =(D10-C10+1)/Settings!$B$3 -> 17.666667 | H10: 3.46 | I10: =H10/G10 -> 0.19584906 | J10: 91.8 | K10: =IF(AND(H10>=Settings!$B$11,G10>=Settings!$B$12),"High",IF(H10>=Settings!$B$13,"Medium","Low")) -> High | L10: No
A11: 0031 | B11: 0031-R010 | C11: 139236 | D11: 139479 | E11: =C11/Settings!$B$3/86400 -> 0.053717593 | F11: =D11/Settings!$B$3/86400 -> 0.053811343 | G11: =(D11-C11+1)/Settings!$B$3 -> 8.1333333 | H11: 1.86 | I11: =H11/G11 -> 0.22868852 | J11: 96.1 | K11: =IF(AND(H11>=Settings!$B$11,G11>=Settings!$B$12),"High",IF(H11>=Settings!$B$13,"Medium","Low")) -> High | L11: No
A12: 0031 | B12: 0031-R011 | C12: 178852 | D12: 179220 | E12: =C12/Settings!$B$3/86400 -> 0.069001543 | F12: =D12/Settings!$B$3/86400 -> 0.069143519 | G12: =(D12-C12+1)/Settings!$B$3 -> 12.3 | H12: 1.91 | I12: =H12/G12 -> 0.15528455 | J12: 98.5 | K12: =IF(AND(H12>=Settings!$B$11,G12>=Settings!$B$12),"High",IF(H12>=Settings!$B$13,"Medium","Low")) -> High | L12: No
A13: 0031 | B13: 0031-R012 | C13: 180814 | D13: 181582 | E13: =C13/Settings!$B$3/86400 -> 0.069758488 | F13: =D13/Settings!$B$3/86400 -> 0.070054784 | G13: =(D13-C13+1)/Settings!$B$3 -> 25.633333 | H13: 4.62 | I13: =H13/G13 -> 0.18023407 | J13: 84.2 | K13: =IF(AND(H13>=Settings!$B$11,G13>=Settings!$B$12),"High",IF(H13>=Settings!$B$13,"Medium","Low")) -> High | L13: No
... A147: 0028 | B147: 0028-R084 | C147: 713003 | D147: 713289 | E147: =C147/Settings!$B$3/86400 -> 0.27507832 | F147: =D147/Settings!$B$3/86400 -> 0.27518866 | G147: =(D147-C147+1)/Settings!$B$3 -> 9.5666667 | H147: 2.82 | I147: =H147/G147 -> 0.29477352 | J147: 107.7 | K147: =IF(AND(H147>=Settings!$B$11,G147>=Settings!$B$12),"High",IF(H147>=Settings!$B$13,"Medium","Low")) -> High | L147: Yes (event 7)

Sheet Labeled events
A1: Video | B1: Event | C1: Label start frame | D1: Label end frame | E1: Label start (h:mm:ss) | F1: Label duration (s) | G1: Matched episode | H1: Episode start frame | I1: Episode end frame | J1: Start error (s) | K1: End error (s) | L1: Coverage of labeled frames
A2: 0031 | B2: 1 | C2: 265510 | D2: 266227 | E2: =C2/Settings!$B$3/86400 -> 0.10243441 | F2: =(D2-C2+1)/Settings!$B$3 -> 23.933333 | G2: 0031-R028 | H2: =INDEX(Candidates!$C$2:$C$147,MATCH(G2,Candidates!$B$2:$B$147,0)) -> 265512 | I2: =INDEX(Candidates!$D$2:$D$147,MATCH(G2,Candidates!$B$2:$B$147,0)) -> 266227 | J2: =(H2-C2)/Settings!$B$3 -> 0.066666667 | K2: =(I2-D2)/Settings!$B$3 -> 0 | L2: 0.997
A3: 0031 | B3: 2 | C3: 266809 | D3: 267100 | E3: =C3/Settings!$B$3/86400 -> 0.10293557 | F3: =(D3-C3+1)/Settings!$B$3 -> 9.7333333 | G3: 0031-R029 | H3: =INDEX(Candidates!$C$2:$C$147,MATCH(G3,Candidates!$B$2:$B$147,0)) -> 266797 | I3: =INDEX(Candidates!$D$2:$D$147,MATCH(G3,Candidates!$B$2:$B$147,0)) -> 267041 | J3: =(H3-C3)/Settings!$B$3 -> -0.4 | K3: =(I3-D3)/Settings!$B$3 -> -1.9666667 | L3: 0.798
A4: 0031 | B4: 3 | C4: 267242 | D4: 267837 | E4: =C4/Settings!$B$3/86400 -> 0.10310262 | F4: =(D4-C4+1)/Settings!$B$3 -> 19.866667 | G4: 0031-R030 | H4: =INDEX(Candidates!$C$2:$C$147,MATCH(G4,Candidates!$B$2:$B$147,0)) -> 267239 | I4: =INDEX(Candidates!$D$2:$D$147,MATCH(G4,Candidates!$B$2:$B$147,0)) -> 267823 | J4: =(H4-C4)/Settings!$B$3 -> -0.1 | K4: =(I4-D4)/Settings!$B$3 -> -0.46666667 | L4: 0.977
A5: 0031 | B5: 4 | C5: 269089 | D5: 271817 | E5: =C5/Settings!$B$3/86400 -> 0.1038152 | F5: =(D5-C5+1)/Settings!$B$3 -> 90.966667 | G5: 0031-R031 | H5: =INDEX(Candidates!$C$2:$C$147,MATCH(G5,Candidates!$B$2:$B$147,0)) -> 269068 | I5: =INDEX(Candidates!$D$2:$D$147,MATCH(G5,Candidates!$B$2:$B$147,0)) -> 271828 | J5: =(H5-C5)/Settings!$B$3 -> -0.7 | K5: =(I5-D5)/Settings!$B$3 -> 0.36666667 | L5: 1
A6: 0031 | B6: 5 | C6: 272241 | D6: 273018 | E6: =C6/Settings!$B$3/86400 -> 0.10503125 | F6: =(D6-C6+1)/Settings!$B$3 -> 25.933333 | G6: 0031-R032 | H6: =INDEX(Candidates!$C$2:$C$147,MATCH(G6,Candidates!$B$2:$B$147,0)) -> 272248 | I6: =INDEX(Candidates!$D$2:$D$147,MATCH(G6,Candidates!$B$2:$B$147,0)) -> 272940 | J6: =(H6-C6)/Settings!$B$3 -> 0.23333333 | K6: =(I6-D6)/Settings!$B$3 -> -2.6 | L6: 0.891
A7: 0031 | B7: 6 | C7: 273550 | D7: 274787 | E7: =C7/Settings!$B$3/86400 -> 0.10553627 | F7: =(D7-C7+1)/Settings!$B$3 -> 41.266667 | G7: 0031-R033 | H7: =INDEX(Candidates!$C$2:$C$147,MATCH(G7,Candidates!$B$2:$B$147,0)) -> 273557 | I7: =INDEX(Candidates!$D$2:$D$147,MATCH(G7,Candidates!$B$2:$B$147,0)) -> 274785 | J7: =(H7-C7)/Settings!$B$3 -> 0.23333333 | K7: =(I7-D7)/Settings!$B$3 -> -0.066666667 | L7: 0.993
A8: 0031 | B8: 7 | C8: 275040 | D8: 275190 | E8: =C8/Settings!$B$3/86400 -> 0.10611111 | F8: =(D8-C8+1)/Settings!$B$3 -> 5.0333333 | G8: 0031-R034 | H8: =INDEX(Candidates!$C$2:$C$147,MATCH(G8,Candidates!$B$2:$B$147,0)) -> 275054 | I8: =INDEX(Candidates!$D$2:$D$147,MATCH(G8,Candidates!$B$2:$B$147,0)) -> 275181 | J8: =(H8-C8)/Settings!$B$3 -> 0.46666667 | K8: =(I8-D8)/Settings!$B$3 -> -0.3 | L8: 0.848
A9: 0031 | B9: 8 | C9: 276439 | D9: 276530 | E9: =C9/Settings!$B$3/86400 -> 0.10665085 | F9: =(D9-C9+1)/Settings!$B$3 -> 3.0666667 | G9: 0031-R035 | H9: =INDEX(Candidates!$C$2:$C$147,MATCH(G9,Candidates!$B$2:$B$147,0)) -> 276443 | I9: =INDEX(Candidates!$D$2:$D$147,MATCH(G9,Candidates!$B$2:$B$147,0)) -> 276533 | J9: =(H9-C9)/Settings!$B$3 -> 0.13333333 | K9: =(I9-D9)/Settings!$B$3 -> 0.1 | L9: 0.957
A10: 0028 | B10: 1 | C10: 334703 | D10: 334830 | E10: =C10/Settings!$B$3/86400 -> 0.12912924 | F10: =(D10-C10+1)/Settings!$B$3 -> 4.2666667 | G10: 0028-R003 | H10: =INDEX(Candidates!$C$2:$C$147,MATCH(G10,Candidates!$B$2:$B$147,0)) -> 334684 | I10: =INDEX(Candidates!$D$2:$D$147,MATCH(G10,Candidates!$B$2:$B$147,0)) -> 334823 | J10: =(H10-C10)/Settings!$B$3 -> -0.63333333 | K10: =(I10-D10)/Settings!$B$3 -> -0.23333333 | L10: 0.945
A11: 0028 | B11: 2 | C11: 334985 | D11: 335118 | E11: =C11/Settings!$B$3/86400 -> 0.12923804 | F11: =(D11-C11+1)/Settings!$B$3 -> 4.4666667 | G11: 0028-R004 | H11: =INDEX(Candidates!$C$2:$C$147,MATCH(G11,Candidates!$B$2:$B$147,0)) -> 334952 | I11: =INDEX(Candidates!$D$2:$D$147,MATCH(G11,Candidates!$B$2:$B$147,0)) -> 335111 | J11: =(H11-C11)/Settings!$B$3 -> -1.1 | K11: =(I11-D11)/Settings!$B$3 -> -0.23333333 | L11: 0.948
A12: 0028 | B12: 3 | C12: 335409 | D12: 335502 | E12: =C12/Settings!$B$3/86400 -> 0.12940162 | F12: =(D12-C12+1)/Settings!$B$3 -> 3.1333333 | G12: 0028-R005 | H12: =INDEX(Candidates!$C$2:$C$147,MATCH(G12,Candidates!$B$2:$B$147,0)) -> 335417 | I12: =INDEX(Candidates!$D$2:$D$147,MATCH(G12,Candidates!$B$2:$B$147,0)) -> 335498 | J12: =(H12-C12)/Settings!$B$3 -> 0.26666667 | K12: =(I12-D12)/Settings!$B$3 -> -0.13333333 | L12: 0.872
A13: 0028 | B13: 4 | C13: 336153 | D13: 336285 | E13: =C13/Settings!$B$3/86400 -> 0.12968866 | F13: =(D13-C13+1)/Settings!$B$3 -> 4.4333333 | G13: 0028-R006 | H13: =INDEX(Candidates!$C$2:$C$147,MATCH(G13,Candidates!$B$2:$B$147,0)) -> 336150 | I13: =INDEX(Candidates!$D$2:$D$147,MATCH(G13,Candidates!$B$2:$B$147,0)) -> 336275 | J13: =(H13-C13)/Settings!$B$3 -> -0.1 | K13: =(I13-D13)/Settings!$B$3 -> -0.33333333 | L13: 0.925
... A16: 0028 | B16: 7 | C16: 713035 | D16: 713330 | E16: =C16/Settings!$B$3/86400 -> 0.27509066 | F16: =(D16-C16+1)/Settings!$B$3 -> 9.8666667 | G16: 0028-R084 | H16: =INDEX(Candidates!$C$2:$C$147,MATCH(G16,Candidates!$B$2:$B$147,0)) -> 713003 | I16: =INDEX(Candidates!$D$2:$D$147,MATCH(G16,Candidates!$B$2:$B$147,0)) -> 713289 | J16: =(H16-C16)/Settings!$B$3 -> -1.0666667 | K16: =(I16-D16)/Settings!$B$3 -> -1.3666667 | L16: 0.861
A18: Median |start error| (s) | D18: {=MEDIAN(ABS(J2:J16))} -> 0.4
A19: Median |end error| (s) | D19: {=MEDIAN(ABS(K2:K16))} -> 0.3
A20: Mean coverage | D20: =AVERAGE(L2:L16) -> 0.93413333
A22: Negative start error = detector starts before the label; positive end error = detector ends after it. Coverage (blue) is the share of labeled frames inside any detected episode, computed frame by frame by circling_rule_detector.py; it is a value, not a formula, because it needs the per-frame data.

Sheet Settings
A1: Detector settings (rule v2) and review thresholds
A2: Setting | B2: Value | C2: Meaning
A3: Frames per second | B3: 30 | C3: Video frame rate
A4: Close distance (px) | B4: 160 | C4: Pair counts as close when centroid distance is below this
A5: Rotation window (s) | B5: 4 | C5: Centered rolling window for summing orbital rotation
A6: Start threshold (turns) | B6: 0.75 | C6: Episode starts when rotation in the window reaches this
A7: Keep threshold (turns) | B7: 0.4 | C7: Episode continues while rotation stays above this (hysteresis)
A8: Merge pauses shorter than (s) | B8: 3 | C8: Episodes separated by less than this are merged
A9: Minimum episode length (s) | B9: 2 | C9: Shorter episodes are dropped
A11: High confidence: min net turns | B11: 1.5 | C11: Review aid only; edit to re-tier the Candidates sheet
A12: High confidence: min duration (s) | B12: 5 | C12: Review aid only
A13: Medium confidence: min net turns | B13: 1 | C13: Review aid only; anything below is Low
A16: Rows 4-9 document the settings used to produce this list (circling_rule_detector.py); changing them here does NOT re-run the detector. Rows 3 and 11-13 feed formulas in this workbook and can be edited.

Sheet About
A1: About this list
A3: Source | B3: circling_rule_detector.py (rule v2), run on the lab pipeline's pair tables 0031_vid_pairs.parquet and 0028_vid_pairs.parquet after cleaning with circling_cleaning.py (reflections, duplicates, keypoint jumps removed).
A4: Same list as CSV | B4: outputs/rule_detector/circling_detections_rule_v2.csv (written when the notebook runs).
A5: The rule | B5: Take the closest pair of fish in each frame. Call it circling when the pair stays within 160 px and rotates around each other at least 3/4 of a turn within 4 s; keep going while rotation stays above 0.4 turns, merge pauses under 3 s, drop episodes shorter than 2 s.
A6: Validation | B6: Catches all 15 human-labeled circling events (8 in 0031, 7 in 0028), one episode per event, median start/end error within about 1 s. Details on the Labeled events sheet.
A7: Frame numbers | B7: Frame index in the original video at 30 fps. To view an episode: ffmpeg -ss <start_frame/30> -i <video> -t <duration> clip.mp4
A8: Fish identity | B8: Not included: track IDs last under a second and change several times per episode, so an ID column would be misleading until track stitching exists.
A10: How to review
A11: Yellow cells | B11: The only cells to fill in (Candidates sheet, columns M-O). Everything else is data or a formula.
A12: Circling? (Y / N / unsure) | B12: Pick from the dropdown after watching the episode.
A13: Reviewer | B13: Your initials.
A14: Notes | B14: Anything useful: partial circling, third fish joins, reflection slipped through, wrong start/end, etc.
A15: Blue text | B15: Hardcoded values (settings, coverage) that are not formulas.
A16: Green text | B16: Values pulled from another sheet.
A18: Example of a reviewed row (for format only; not real review data)
A19: Episode ID | B19: Circling? (Y / N / unsure) | C19: Reviewer | D19: Notes
A20: 0031-R040 | B20: Y | C20: AB | D20: Clear circling, ~3 turns; ends when female swims into the pit
